<?xml version="1.0" encoding="UTF-8" ?>
<!DOCTYPE mapper
  PUBLIC "-//mybatis.org//DTD Mapper 3.0//EN"
  "https://mybatis.org/dtd/mybatis-3-mapper.dtd">
<mapper namespace="com.dino.controller.TestMapper">
	<select id="getList" resultType="com.dino.controller.TestVO">
		select * from test
	</select>

	<insert id="insert">
		insert into test (title, content)
		values (#{title}, #{content})
	</insert>


	<update id="update">
		update Test set
		title = #{title},
		content = #{content}
		where id = #{id}
	</update>

	<delete id="delete">
		delete from test where id = #{id}
	</delete>

</mapper>